"num_chunks","file_name","total_num_flows","total_num_hh_flows","TP","TN","FP","FN","TPR (Recall)","TNR","FPR","FNR","Precision","Accuracy","F1_Score"
"10","equinix-nyc.dirA.20180315-125910.UTC.anon.csv","129318","147","147","126805","2366","0","1.0","0.9816831951444209","0.018316804855579037","0.0","0.0584958217270195","0.9817040164555592","0.11052631578947368"
"9","equinix-nyc.dirA.20180315-125910.UTC.anon.csv","129318","147","147","126722","2449","0","1.0","0.9810406360560807","0.0189593639439193","0.0","0.05662557781201849","0.9810621877851498","0.1071819176084579"
"8","equinix-nyc.dirA.20180315-125910.UTC.anon.csv","129318","147","147","126978","2193","0","1.0","0.9830225050514434","0.016977494948556566","0.0","0.06282051282051282","0.9830418039252077","0.11821471652593486"
"7","equinix-nyc.dirA.20180315-125910.UTC.anon.csv","129318","147","147","127162","2009","0","1.0","0.9844469733918604","0.015553026608139599","0.0","0.06818181818181818","0.9844646530258742","0.1276595744680851"
"6","equinix-nyc.dirA.20180315-125910.UTC.anon.csv","129318","147","147","127258","1913","0","1.0","0.9851901742651215","0.014809825734878572","0.0","0.07135922330097087","0.9852070090783959","0.133212505663797"
"5","equinix-nyc.dirA.20180315-125910.UTC.anon.csv","129318","147","147","127567","1604","0","1.0","0.9875823520759304","0.012417647924069644","0.0","0.08395202741290692","0.9875964676224501","0.15489989462592205"
"4","equinix-nyc.dirA.20180315-125910.UTC.anon.csv","129318","147","147","127724","1447","0","1.0","0.9887977951707426","0.01120220482925734","0.0","0.09222082810539524","0.9888105290833449","0.1688684663986215"
"3","equinix-nyc.dirA.20180315-125910.UTC.anon.csv","129318","147","147","127892","1279","0","1.0","0.9900983966989495","0.009901603301050546","0.0","0.10308555399719495","0.9901096521752579","0.18690400508582325"
"2","equinix-nyc.dirA.20180315-125910.UTC.anon.csv","129318","147","147","128213","958","0","1.0","0.992583474618916","0.007416525381083989","0.0","0.1330316742081448","0.9925919052258773","0.23482428115015974"
"1","equinix-nyc.dirA.20180315-125910.UTC.anon.csv","129318","147","147","128606","565","0","1.0","0.9956259531938283","0.004374046806171664","0.0","0.20646067415730338","0.9956309253158879","0.34225844004656575"
"10","equinix-nyc.dirA.20190117-130000.UTC.anon.csv","222215","193","193","219943","2080","0","1.0","0.9906316012305032","0.009368398769496853","0.0","0.08490981082270127","0.9906397379126616","0.1565287915652879"
"9","equinix-nyc.dirA.20190117-130000.UTC.anon.csv","222215","193","193","219944","2079","0","1.0","0.9906361052683731","0.009363894731626904","0.0","0.08494718309859155","0.9906442380386651","0.1565922920892495"
"8","equinix-nyc.dirA.20190117-130000.UTC.anon.csv","222215","193","193","220107","1916","0","1.0","0.991370263441175","0.008629736558824987","0.0","0.09151256519677572","0.9913777585772402","0.1676802780191138"
"7","equinix-nyc.dirA.20190117-130000.UTC.anon.csv","222215","193","193","220371","1652","0","1.0","0.992559329438842","0.007440670561158078","0.0","0.1046070460704607","0.9925657918421715","0.18940137389597644"
"6","equinix-nyc.dirA.20190117-130000.UTC.anon.csv","222215","193","193","220445","1578","0","1.0","0.9928926282412183","0.007107371758781748","0.0","0.10897797854319594","0.9928988011664327","0.1965376782077393"
"5","equinix-nyc.dirA.20190117-130000.UTC.anon.csv","222215","193","193","220635","1388","0","1.0","0.9937483954365088","0.0062516045634911695","0.0","0.12207463630613535","0.993753825107103","0.21758737316798193"
"4","equinix-nyc.dirA.20190117-130000.UTC.anon.csv","222215","193","193","220778","1245","0","1.0","0.9943924728519118","0.0056075271480882614","0.0","0.13421418636995827","0.9943973431256076","0.23666462293071736"
"3","equinix-nyc.dirA.20190117-130000.UTC.anon.csv","222215","193","193","220925","1098","0","1.0","0.9950545664187944","0.004945433581205551","0.0","0.14949651432997677","0.9950588616481262","0.2601078167115903"
"2","equinix-nyc.dirA.20190117-130000.UTC.anon.csv","222215","193","193","221260","763","0","1.0","0.9965634191052278","0.0034365808947721633","0.0","0.20188284518828453","0.9965664038593081","0.3359442993907746"
"1","equinix-nyc.dirA.20190117-130000.UTC.anon.csv","222215","193","193","221535","488","0","1.0","0.9978020295194642","0.0021979704805358004","0.0","0.2834067547723935","0.9978039385102783","0.44164759725400454"
"10","equinix-nyc.dirA.20190117-130100.UTC.anon.csv","224338","176","176","221996","2167","0","1.0","0.9903329273787378","0.009667072621262207","0.0","0.07511737089201878","0.9903405114581059","0.13973799126637554"
"9","equinix-nyc.dirA.20190117-130100.UTC.anon.csv","224338","176","176","222116","2047","0","1.0","0.990868252120109","0.009131747879890972","0.0","0.07917228969860549","0.99087541622277","0.14672780325135473"
"8","equinix-nyc.dirA.20190117-130100.UTC.anon.csv","224338","176","176","222232","1931","0","1.0","0.9913857327034346","0.008614267296565446","0.0","0.083531086853346","0.991392490828612","0.15418309242225142"
"7","equinix-nyc.dirA.20190117-130100.UTC.anon.csv","224338","176","176","222385","1778","0","1.0","0.9920682717486828","0.007931728251317122","0.0","0.09007164790174002","0.9920744944035589","0.16525821596244133"
"6","equinix-nyc.dirA.20190117-130100.UTC.anon.csv","224338","176","176","222552","1611","0","1.0","0.9928132653470911","0.007186734652908821","0.0","0.09848908785674315","0.9928189035343832","0.17931737137035153"
"5","equinix-nyc.dirA.20190117-130100.UTC.anon.csv","224338","176","176","222728","1435","0","1.0","0.9935984083011024","0.0064015916988976775","0.0","0.10924891371818746","0.9936034305225574","0.19697817571348628"
"4","equinix-nyc.dirA.20190117-130100.UTC.anon.csv","224338","176","176","222916","1247","0","1.0","0.9944370837292505","0.00556291627074941","0.0","0.12368236120871398","0.9944414479871979","0.2201375859912445"
"3","equinix-nyc.dirA.20190117-130100.UTC.anon.csv","224338","176","176","223078","1085","0","1.0","0.9951597721301018","0.004840227869898244","0.0","0.13957176843774782","0.9951635694194946","0.24495476687543496"
"2","equinix-nyc.dirA.20190117-130100.UTC.anon.csv","224338","176","176","223362","801","0","1.0","0.996426707351347","0.003573292648652989","0.0","0.18014329580348004","0.9964295106958665","0.30529054640069386"
"1","equinix-nyc.dirA.20190117-130100.UTC.anon.csv","224338","176","176","223702","461","0","1.0","0.9979434607852322","0.002056539214767825","0.0","0.27629513343799056","0.9979450741957484","0.43296432964329645"
"10","equinix-nyc.dirA.20190117-130200.UTC.anon.csv","221707","201","201","219259","2248","0","1.0","0.989851336526611","0.010148663473389103","0.0","0.08207431604736627","0.9898605372832735","0.15169811320754717"
"9","equinix-nyc.dirA.20190117-130200.UTC.anon.csv","221707","201","201","219453","2054","0","1.0","0.9907271553494923","0.009272844650507659","0.0","0.08913525498891353","0.9907355620906778","0.16368078175895767"
"8","equinix-nyc.dirA.20190117-130200.UTC.anon.csv","221707","201","201","219567","1940","0","1.0","0.9912418117711855","0.00875818822881444","0.0","0.09388136384866885","0.9912497519259567","0.1716481639624253"
"7","equinix-nyc.dirA.20190117-130200.UTC.anon.csv","221707","201","201","219702","1805","0","1.0","0.9918512733231907","0.00814872667680931","0.0","0.10019940179461616","0.9918586609414184","0.18214771182600817"
"6","equinix-nyc.dirA.20190117-130200.UTC.anon.csv","221707","201","201","219890","1617","0","1.0","0.992700004965983","0.007299995034016984","0.0","0.11056105610561057","0.9927066231259134","0.19910846953937594"
"5","equinix-nyc.dirA.20190117-130200.UTC.anon.csv","221707","201","201","220018","1489","0","1.0","0.9932778648078842","0.006722135192115825","0.0","0.11893491124260355","0.9932839590813142","0.21258593336858805"
"4","equinix-nyc.dirA.20190117-130200.UTC.anon.csv","221707","201","201","220203","1304","0","1.0","0.9941130528606319","0.005886947139368056","0.0","0.1335548172757475","0.9941183899543544","0.2356389214536928"
"3","equinix-nyc.dirA.20190117-130200.UTC.anon.csv","221707","201","201","220472","1035","0","1.0","0.9953274614346274","0.004672538565372652","0.0","0.16262135922330098","0.9953316975481263","0.2797494780793319"
"2","equinix-nyc.dirA.20190117-130200.UTC.anon.csv","221707","201","201","220685","822","0","1.0","0.996289056327791","0.0037109436722090046","0.0","0.19648093841642228","0.9962924206614105","0.3284313725490196"
"1","equinix-nyc.dirA.20190117-130200.UTC.anon.csv","221707","201","201","221011","496","0","1.0","0.997760793112633","0.0022392068873669907","0.0","0.2883787661406026","0.9977628231728219","0.4476614699331849"
"10","equinix-nyc.dirA.20190117-130300.UTC.anon.csv","220715","201","201","218406","2109","0","1.0","0.9904360247602204","0.009563975239779606","0.0","0.08701298701298701","0.9904447344098298","0.16009557945041816"
"9","equinix-nyc.dirA.20190117-130300.UTC.anon.csv","220715","201","201","218442","2073","0","1.0","0.990599278960615","0.009400721039385076","0.0","0.08839050131926121","0.9906078399391073","0.16242424242424242"
"8","equinix-nyc.dirA.20190117-130300.UTC.anon.csv","220715","201","201","218656","1859","0","1.0","0.9915697344851824","0.008430265514817585","0.0","0.09757281553398059","0.9915774116964787","0.17779743476337906"
"7","equinix-nyc.dirA.20190117-130300.UTC.anon.csv","220715","201","201","218748","1767","0","1.0","0.9919869396639684","0.008013060336031563","0.0","0.10213414634146341","0.9919942369379655","0.18533886583679116"
"6","equinix-nyc.dirA.20190117-130300.UTC.anon.csv","220715","201","201","218887","1628","0","1.0","0.9926172822710473","0.007382717728952679","0.0","0.10989611809732094","0.9926240055093424","0.1980295566502463"
"5","equinix-nyc.dirA.20190117-130300.UTC.anon.csv","220715","201","201","219080","1435","0","1.0","0.993492506178718","0.006507493821281999","0.0","0.12286063569682151","0.9934984323746353","0.21883505715841042"
"4","equinix-nyc.dirA.20190117-130300.UTC.anon.csv","220715","201","201","219269","1246","0","1.0","0.9943495907307893","0.005650409269210711","0.0","0.13890808569454044","0.9943547364033418","0.24393203883495146"
"3","equinix-nyc.dirA.20190117-130300.UTC.anon.csv","220715","201","201","219484","1031","0","1.0","0.9953245810942566","0.004675418905743373","0.0","0.16314935064935066","0.9953288388698599","0.2805303558967202"
"2","equinix-nyc.dirA.20190117-130300.UTC.anon.csv","220715","201","201","219727","788","0","1.0","0.9964265469469197","0.003573453053080289","0.0","0.2032355915065723","0.9964298011924827","0.3378151260504202"
"1","equinix-nyc.dirA.20190117-130300.UTC.anon.csv","220715","201","201","220043","472","0","1.0","0.9978595560392717","0.002140443960728295","0.0","0.2986627043090639","0.9978615052828068","0.459954233409611"
"10","equinix-nyc.dirA.20190117-130400.UTC.anon.csv","221611","178","178","219358","2076","0","1.0","0.9906247459739697","0.00937525402603033","0.0","0.07897071872227152","0.9906322762305291","0.14638157894736842"
"9","equinix-nyc.dirA.20190117-130400.UTC.anon.csv","221611","178","178","219462","1972","0","1.0","0.9910944118789345","0.008905588121065419","0.0","0.0827906976744186","0.9911015648972077","0.1529209621993127"
"8","equinix-nyc.dirA.20190117-130400.UTC.anon.csv","221611","178","178","219507","1927","0","1.0","0.9912976327031983","0.008702367296801756","0.0","0.0845605700712589","0.9913046224933668","0.1559351730179588"
"7","equinix-nyc.dirA.20190117-130400.UTC.anon.csv","221611","178","178","219685","1749","0","1.0","0.992101483963619","0.007898516036381044","0.0","0.09237156201349248","0.9921078280959514","0.16912114014251783"
"6","equinix-nyc.dirA.20190117-130400.UTC.anon.csv","221611","178","178","219844","1590","0","1.0","0.9928195308760173","0.007180469123982767","0.0","0.10067873303167421","0.9928252982690468","0.1829393627954779"
"5","equinix-nyc.dirA.20190117-130400.UTC.anon.csv","221611","178","178","220025","1409","0","1.0","0.9936369301913889","0.006363069808611144","0.0","0.11216131064902331","0.9936420410447088","0.20169971671388098"
"4","equinix-nyc.dirA.20190117-130400.UTC.anon.csv","221611","178","178","220156","1278","0","1.0","0.9942285285909119","0.005771471409088035","0.0","0.12225274725274725","0.9942331642690829","0.2178702570379437"
"3","equinix-nyc.dirA.20190117-130400.UTC.anon.csv","221611","178","178","220412","1022","0","1.0","0.9953846292800563","0.00461537071994364","0.0","0.14833333333333334","0.9953883363716767","0.25834542815674894"
"2","equinix-nyc.dirA.20190117-130400.UTC.anon.csv","221611","178","178","220642","792","0","1.0","0.9964233134929595","0.0035766865070404725","0.0","0.18350515463917524","0.9964261863076007","0.31010452961672474"
"1","equinix-nyc.dirA.20190117-130400.UTC.anon.csv","221611","178","178","220986","448","0","1.0","0.9979768237939973","0.0020231762060026917","0.0","0.28434504792332266","0.9979784488204609","0.4427860696517412"
"10","equinix-nyc.dirA.20190117-130500.UTC.anon.csv","223688","194","194","221337","2158","0","1.0","0.9903443030045415","0.00965569699545851","0.0","0.0824829931972789","0.9903526771544421","0.1523959151610369"
"9","equinix-nyc.dirA.20190117-130500.UTC.anon.csv","223688","194","194","221422","2073","0","1.0","0.9907246247119622","0.009275375288037764","0.0","0.08557565063961182","0.9907326690181457","0.15765948801300286"
"8","equinix-nyc.dirA.20190117-130500.UTC.anon.csv","223688","194","194","221566","1929","0","1.0","0.9913689344280633","0.008631065571936733","0.0","0.09138012246820537","0.9913764199401848","0.16745791972378074"
"7","equinix-nyc.dirA.20190117-130500.UTC.anon.csv","223688","194","194","221718","1777","0","1.0","0.9920490391283922","0.007950960871607866","0.0","0.09842719431760527","0.9920559348023372","0.17921478060046186"
"6","equinix-nyc.dirA.20190117-130500.UTC.anon.csv","223688","194","194","221876","1619","0","1.0","0.9927559900668919","0.007244009933108123","0.0","0.10700496414782129","0.9927622726195745","0.1933233682112606"
"5","equinix-nyc.dirA.20190117-130500.UTC.anon.csv","223688","194","194","222074","1421","0","1.0","0.9936419159265308","0.0063580840734692055","0.0","0.12012383900928793","0.9936474301373782","0.21448313985627418"
"4","equinix-nyc.dirA.20190117-130500.UTC.anon.csv","223688","194","194","222255","1240","0","1.0","0.9944517774446856","0.005548222555314436","0.0","0.13528591352859135","0.9944565892824413","0.23832923832923833"
"3","equinix-nyc.dirA.20190117-130500.UTC.anon.csv","223688","194","194","222410","1085","0","1.0","0.9951453052640998","0.004854694735900132","0.0","0.15168100078186084","0.995149515622136","0.263408010862186"
"2","equinix-nyc.dirA.20190117-130500.UTC.anon.csv","223688","194","194","222724","771","0","1.0","0.9965502583950424","0.0034497416049576054","0.0","0.20103626943005182","0.9965532502715824","0.3347713546160483"
"1","equinix-nyc.dirA.20190117-130500.UTC.anon.csv","223688","194","194","223056","439","0","1.0","0.9980357502404975","0.0019642497595024496","0.0","0.30647709320695105","0.9980374537862836","0.46916565900846435"
"10","equinix-nyc.dirA.20190117-130600.UTC.anon.csv","220925","184","184","218591","2151","0","1.0","0.9902555925016535","0.009744407498346486","0.0","0.07880085653104925","0.9902637082099889","0.14608971814211988"
"9","equinix-nyc.dirA.20190117-130600.UTC.anon.csv","220925","184","184","218672","2070","0","1.0","0.9906225367170725","0.009377463282927581","0.0","0.08163265306122448","0.99063034681296","0.15094339622641506"
"8","equinix-nyc.dirA.20190117-130600.UTC.anon.csv","220925","184","184","218774","1968","0","1.0","0.9910846146179703","0.0089153853820297","0.0","0.08550185873605948","0.9910920398685533","0.15753424657534248"
"7","equinix-nyc.dirA.20190117-130600.UTC.anon.csv","220925","184","184","218937","1805","0","1.0","0.9918230332243071","0.008176966775692891","0.0","0.09250879839115134","0.9918298434770013","0.1693511274735389"
"6","equinix-nyc.dirA.20190117-130600.UTC.anon.csv","220925","184","184","219087","1655","0","1.0","0.9925025595491569","0.007497440450843065","0.0","0.10005437737901034","0.9925088038528738","0.1819080573405833"
"5","equinix-nyc.dirA.20190117-130600.UTC.anon.csv","220925","184","184","219252","1490","0","1.0","0.9932500385064917","0.006749961493508258","0.0","0.10991636798088411","0.9932556602663335","0.19806243272335847"
"4","equinix-nyc.dirA.20190117-130600.UTC.anon.csv","220925","184","184","219397","1345","0","1.0","0.9939069139538466","0.006093086046153428","0.0","0.12034009156311315","0.9939119886296769","0.21482778750729714"
"3","equinix-nyc.dirA.20190117-130600.UTC.anon.csv","220925","184","184","219665","1077","0","1.0","0.9951210009875783","0.004878999012421741","0.0","0.14591593973037273","0.9951250645012357","0.2546712802768166"
"2","equinix-nyc.dirA.20190117-130600.UTC.anon.csv","220925","184","184","219904","838","0","1.0","0.996203712931839","0.0037962870681610204","0.0","0.18003913894324852","0.9962068747001258","0.30514096185737977"
"1","equinix-nyc.dirA.20190117-130600.UTC.anon.csv","220925","184","184","220229","513","0","1.0","0.9976760199690136","0.0023239800309864003","0.0","0.26398852223816355","0.9976779555145162","0.41770715096481276"
"10","equinix-nyc.dirA.20190117-130700.UTC.anon.csv","221690","190","190","219314","2187","0","1.0","0.9901264554110365","0.00987354458896348","0.0","0.07993268826251577","0.9901349175203323","0.14803272302298404"
"9","equinix-nyc.dirA.20190117-130700.UTC.anon.csv","221690","190","190","219375","2126","0","1.0","0.9904018492015837","0.00959815079841626","0.0","0.08203799654576857","0.9904100752849687","0.15163607342378294"
"8","equinix-nyc.dirA.20190117-130700.UTC.anon.csv","221690","190","190","219506","1995","0","1.0","0.9909932686534146","0.009006731346585342","0.0","0.08695652173913043","0.9910009878614828","0.16"
"7","equinix-nyc.dirA.20190117-130700.UTC.anon.csv","221690","190","190","219627","1874","0","1.0","0.991539541582205","0.008460458417794954","0.0","0.09205426356589147","0.9915467926077288","0.16858917480035493"
"6","equinix-nyc.dirA.20190117-130700.UTC.anon.csv","221690","190","190","219854","1647","0","1.0","0.992564367655225","0.0074356323447749674","0.0","0.10342950462710941","0.9925707403548182","0.18746916625555007"
"5","equinix-nyc.dirA.20190117-130700.UTC.anon.csv","221690","190","190","220019","1482","0","1.0","0.9933092852853938","0.006690714714606255","0.0","0.11363636363636363","0.9933150195542444","0.2040816326530612"
"4","equinix-nyc.dirA.20190117-130700.UTC.anon.csv","221690","190","190","220158","1343","0","1.0","0.9939368219556571","0.0060631780443429146","0.0","0.12393998695368558","0.9939420183949732","0.22054556006964596"
"3","equinix-nyc.dirA.20190117-130700.UTC.anon.csv","221690","190","190","220431","1070","0","1.0","0.9951693220346635","0.004830677965336499","0.0","0.15079365079365079","0.9951734621612965","0.26206896551724135"
"2","equinix-nyc.dirA.20190117-130700.UTC.anon.csv","221690","190","190","220638","863","0","1.0","0.9961038550616025","0.003896144938397569","0.0","0.18043684710351376","0.9961071942478494","0.3057119871279163"
"1","equinix-nyc.dirA.20190117-130700.UTC.anon.csv","221690","190","190","221002","499","0","1.0","0.9977471885002777","0.002252811499722349","0.0","0.2757619738751814","0.997749119269614","0.43230944254835035"
"10","equinix-nyc.dirA.20190117-130800.UTC.anon.csv","221419","197","197","219102","2121","0","1.0","0.9904123893085258","0.009587610691474215","0.0","0.08498705780845557","0.9904209195194653","0.15666003976143142"
"9","equinix-nyc.dirA.20190117-130800.UTC.anon.csv","221419","197","197","219137","2086","0","1.0","0.9905706007060748","0.009429399293925134","0.0","0.08628996933858958","0.9905789901544576","0.1588709677419355"
"8","equinix-nyc.dirA.20190117-130800.UTC.anon.csv","221419","197","197","219309","1914","0","1.0","0.9913480967168875","0.008651903283112515","0.0","0.09332070108953103","0.9913557944178484","0.1707105719237435"
"7","equinix-nyc.dirA.20190117-130800.UTC.anon.csv","221419","197","197","219456","1767","0","1.0","0.9920125845865936","0.007987415413406381","0.0","0.10030549898167006","0.9920196910848161","0.1823229986117538"
"6","equinix-nyc.dirA.20190117-130800.UTC.anon.csv","221419","197","197","219608","1615","0","1.0","0.9926996740845211","0.007300325915478951","0.0","0.108719646799117","0.9927061692710686","0.19611747137879543"
"5","equinix-nyc.dirA.20190117-130800.UTC.anon.csv","221419","197","197","219781","1442","0","1.0","0.9934816904209779","0.006518309579022072","0.0","0.12019524100061013","0.9934874898383164","0.21459694989106756"
"4","equinix-nyc.dirA.20190117-130800.UTC.anon.csv","221419","197","197","219951","1272","0","1.0","0.9942501457805021","0.005749854219497972","0.0","0.13410483321987746","0.9942552614939933","0.23649459783913562"
"3","equinix-nyc.dirA.20190117-130800.UTC.anon.csv","221419","197","197","220169","1054","0","1.0","0.9952355767709505","0.00476442322904942","0.0","0.1574740207833733","0.9952398157348027","0.27209944751381215"
"2","equinix-nyc.dirA.20190117-130800.UTC.anon.csv","221419","197","197","220441","782","0","1.0","0.9964651053461892","0.0035348946538108607","0.0","0.20122574055158324","0.9964682503838859","0.33503401360544216"
"1","equinix-nyc.dirA.20190117-130800.UTC.anon.csv","221419","197","197","220766","457","0","1.0","0.9979342111805735","0.0020657888194265516","0.0","0.3012232415902141","0.997936049137386","0.46298472385428907"
"10","equinix-nyc.dirA.20190117-130900.UTC.anon.csv","221609","196","196","219265","2149","0","1.0","0.9902942000054197","0.009705799994580289","0.0","0.08358208955223881","0.9903027841703894","0.15426997245179064"
"9","equinix-nyc.dirA.20190117-130900.UTC.anon.csv","221609","196","196","219440","1974","0","1.0","0.9910845745978123","0.008915425402187756","0.0","0.09032258064516129","0.9910924597265466","0.16568047337278105"
"8","equinix-nyc.dirA.20190117-130900.UTC.anon.csv","221609","196","196","219538","1876","0","1.0","0.991527184369552","0.008472815630447939","0.0","0.0945945945945946","0.9915346780379947","0.1728395061728395"
"7","equinix-nyc.dirA.20190117-130900.UTC.anon.csv","221609","196","196","219671","1743","0","1.0","0.9921278690597704","0.007872130940229614","0.0","0.10108303249097472","0.9921348314606742","0.18360655737704915"
"6","equinix-nyc.dirA.20190117-130900.UTC.anon.csv","221609","196","196","219846","1568","0","1.0","0.992918243652163","0.007081756347837084","0.0","0.1111111111111111","0.9929245070168313","0.2"
"5","equinix-nyc.dirA.20190117-130900.UTC.anon.csv","221609","196","196","219970","1444","0","1.0","0.993478280506201","0.006521719493798947","0.0","0.11951219512195121","0.9934840485537656","0.21350762527233116"
"4","equinix-nyc.dirA.20190117-130900.UTC.anon.csv","221609","196","196","220160","1254","0","1.0","0.9943364014922272","0.00566359850777277","0.0","0.13517241379310344","0.9943414105861649","0.23815309842041307"
"3","equinix-nyc.dirA.20190117-130900.UTC.anon.csv","221609","196","196","220424","990","0","1.0","0.9955287380201794","0.004471261979820607","0.0","0.16526138279932545","0.9955326925680249","0.28364688856729375"
"2","equinix-nyc.dirA.20190117-130900.UTC.anon.csv","221609","196","196","220673","741","0","1.0","0.9966533281544979","0.003346671845502091","0.0","0.20917822838847386","0.9966562880736429","0.34598411297440423"
"1","equinix-nyc.dirA.20190117-130900.UTC.anon.csv","221609","196","196","220968","446","0","1.0","0.9979856738959596","0.002014326104040395","0.0","0.3052959501557632","0.9979874554397364","0.467780429594272"
"10","equinix-nyc.dirA.20190117-131000.UTC.anon.csv","224137","190","190","221794","2154","0","1.0","0.9903816957507993","0.009618304249200708","0.0","0.0810580204778157","0.9903898491108156","0.14996053670086817"
"9","equinix-nyc.dirA.20190117-131000.UTC.anon.csv","224137","190","190","221886","2062","0","1.0","0.99079250540304","0.00920749459696001","0.0","0.08436944937833037","0.9908003105229813","0.1556101556101556"
"8","equinix-nyc.dirA.20190117-131000.UTC.anon.csv","224137","190","190","221995","1953","0","1.0","0.9912792255344991","0.00872077446550092","0.0","0.08866075594960336","0.991286618065656","0.16288041148735535"
"7","equinix-nyc.dirA.20190117-131000.UTC.anon.csv","224137","190","190","222183","1765","0","1.0","0.9921187061282083","0.007881293871791666","0.0","0.09718670076726342","0.9921253870383424","0.17715617715617712"
"6","equinix-nyc.dirA.20190117-131000.UTC.anon.csv","224137","190","190","222280","1668","0","1.0","0.9925518423919839","0.0074481576080161465","0.0","0.10226049515608181","0.992558156135952","0.185546875"
"5","equinix-nyc.dirA.20190117-131000.UTC.anon.csv","224137","190","190","222531","1417","0","1.0","0.9936726382910318","0.006327361708968153","0.0","0.11823273179838208","0.9936780019452301","0.21146355036171396"
"4","equinix-nyc.dirA.20190117-131000.UTC.anon.csv","224137","190","190","222672","1276","0","1.0","0.9943022487363138","0.005697751263686213","0.0","0.1296043656207367","0.994307078674745","0.22946859903381642"
"3","equinix-nyc.dirA.20190117-131000.UTC.anon.csv","224137","190","190","222821","1127","0","1.0","0.9949675817600514","0.00503241823994856","0.0","0.1442672741078208","0.9949718477009699","0.252156602521566"
"2","equinix-nyc.dirA.20190117-131000.UTC.anon.csv","224137","190","190","223142","806","0","1.0","0.996400950220587","0.003599049779413078","0.0","0.19076305220883535","0.9964040011064612","0.3204047217537943"
"1","equinix-nyc.dirA.20190117-131000.UTC.anon.csv","224137","190","190","223493","455","0","1.0","0.9979682783503313","0.0020317216496686732","0.0","0.29457364341085274","0.9979700006246152","0.45508982035928147"
"10","equinix-nyc.dirA.20190117-131100.UTC.anon.csv","229361","181","181","227024","2157","0","1.0","0.9905882250273801","0.009411774972619894","0.0","0.07741659538066724","0.9905956522876501","0.14370782056371575"
"9","equinix-nyc.dirA.20190117-131100.UTC.anon.csv","229361","181","181","227160","2021","0","1.0","0.9911816424572718","0.008818357542728236","0.0","0.08219800181653043","0.9911886014248219","0.15190935795216115"
"8","equinix-nyc.dirA.20190117-131100.UTC.anon.csv","229361","181","181","227285","1896","0","1.0","0.9917270628891575","0.008272937110842522","0.0","0.08714492055849783","0.9917335914406048","0.1603188662533215"
"7","equinix-nyc.dirA.20190117-131100.UTC.anon.csv","229361","181","181","227399","1782","0","1.0","0.9922244863230373","0.00777551367696275","0.0","0.09220580743759552","0.9922306223349988","0.16884328358208955"
"6","equinix-nyc.dirA.20190117-131100.UTC.anon.csv","229361","181","181","227626","1555","0","1.0","0.9932149698273417","0.006785030172658292","0.0","0.10426267281105991","0.9932203242036606","0.18883672404799165"
"5","equinix-nyc.dirA.20190117-131100.UTC.anon.csv","229361","181","181","227729","1452","0","1.0","0.9936643962632156","0.006335603736784463","0.0","0.11083894672382119","0.9936693959766657","0.1995589856670342"
"4","equinix-nyc.dirA.20190117-131100.UTC.anon.csv","229361","181","181","227933","1248","0","1.0","0.994554522408053","0.0054454775919469765","0.0","0.12666200139958012","0.9945588196824234","0.2248447204968944"
"3","equinix-nyc.dirA.20190117-131100.UTC.anon.csv","229361","181","181","228198","983","0","1.0","0.9957108137236508","0.004289186276349261","0.0","0.15549828178694158","0.9957141985158832","0.26914498141263943"
"2","equinix-nyc.dirA.20190117-131100.UTC.anon.csv","229361","181","181","228384","797","0","1.0","0.9965223993262967","0.0034776006737033175","0.0","0.18507157464212678","0.9965251436593682","0.31233822260569455"
"1","equinix-nyc.dirA.20190117-131100.UTC.anon.csv","229361","181","181","228720","461","0","1.0","0.9979884894472055","0.002011510552794516","0.0","0.2819314641744548","0.9979900768217926","0.43985419198055886"
"10","equinix-nyc.dirA.20190117-131200.UTC.anon.csv","221890","184","184","219481","2226","0","1.0","0.9899597216145634","0.010040278385436635","0.0","0.07634854771784233","0.9899680473746119","0.14186584425597534"
"9","equinix-nyc.dirA.20190117-131200.UTC.anon.csv","221890","184","184","219551","2156","0","1.0","0.9902754536392626","0.00972454636073737","0.0","0.07863247863247863","0.9902835175829574","0.14580031695721077"
"8","equinix-nyc.dirA.20190117-131200.UTC.anon.csv","221890","184","184","219808","1899","0","1.0","0.9914346412156585","0.008565358784341497","0.0","0.08833413346135381","0.9914417439193117","0.16232906925452137"
"7","equinix-nyc.dirA.20190117-131200.UTC.anon.csv","221890","184","184","219894","1813","0","1.0","0.9918225405602891","0.00817745943971097","0.0","0.09213820731096645","0.9918293216038505","0.16872994039431455"
"6","equinix-nyc.dirA.20190117-131200.UTC.anon.csv","221890","184","184","220055","1652","0","1.0","0.9925487242170974","0.00745127578290266","0.0","0.10021786492374728","0.9925549030830453","0.18217821782178217"
"5","equinix-nyc.dirA.20190117-131200.UTC.anon.csv","221890","184","184","220213","1494","0","1.0","0.9932613765014185","0.006738623498581461","0.0","0.10965435041716329","0.9932669644104538","0.19763694951664876"
"4","equinix-nyc.dirA.20190117-131200.UTC.anon.csv","221890","184","184","220402","1305","0","1.0","0.9941138529681065","0.005886147031893445","0.0","0.12357286769644056","0.9941187339729868","0.2199641362821279"
"3","equinix-nyc.dirA.20190117-131200.UTC.anon.csv","221890","184","184","220656","1051","0","1.0","0.9952595091720153","0.0047404908279846825","0.0","0.14898785425101216","0.9952634401575549","0.2593375616631431"
"2","equinix-nyc.dirA.20190117-131200.UTC.anon.csv","221890","184","184","220891","816","0","1.0","0.9963194666835057","0.003680533316494292","0.0","0.184","0.9963225187141435","0.3108108108108108"
"1","equinix-nyc.dirA.20190117-131200.UTC.anon.csv","221890","184","184","221201","506","0","1.0","0.9977177085071739","0.0022822914928261172","0.0","0.26666666666666666","0.9977196010653879","0.42105263157894735"
"10","equinix-nyc.dirA.20190117-131300.UTC.anon.csv","222373","189","189","220037","2148","0","1.0","0.9903323806737628","0.009667619326237145","0.0","0.08087291399229782","0.990340597371995","0.1496437054631829"
"9","equinix-nyc.dirA.20190117-131300.UTC.anon.csv","222373","189","189","220157","2028","0","1.0","0.9908724711389157","0.009127528861084231","0.0","0.08525033829499323","0.9908802288037271","0.15710723192019949"
"8","equinix-nyc.dirA.20190117-131300.UTC.anon.csv","222373","189","189","220271","1914","0","1.0","0.991385557080811","0.008614442919188964","0.0","0.0898716119828816","0.9913928786638726","0.1649214659685864"
"7","equinix-nyc.dirA.20190117-131300.UTC.anon.csv","222373","189","189","220467","1718","0","1.0","0.9922677048405608","0.007732295159439206","0.0","0.09910854745673833","0.992274276669035","0.1803435114503817"
"6","equinix-nyc.dirA.20190117-131300.UTC.anon.csv","222373","189","189","220520","1665","0","1.0","0.9925062447960034","0.00749375520399667","0.0","0.10194174757281553","0.9925126138847168","0.18502202643171806"
"5","equinix-nyc.dirA.20190117-131300.UTC.anon.csv","222373","189","189","220738","1447","0","1.0","0.9934874091410312","0.006512590858968877","0.0","0.11552567237163815","0.9934929443190301","0.2071232876712329"
"4","equinix-nyc.dirA.20190117-131300.UTC.anon.csv","222373","189","189","220913","1272","0","1.0","0.9942750410693791","0.005724958930620879","0.0","0.1293634496919918","0.9942799068236394","0.22909090909090907"
"3","equinix-nyc.dirA.20190117-131300.UTC.anon.csv","222373","189","189","221081","1104","0","1.0","0.9950311677205932","0.004968832279406801","0.0","0.14617169373549885","0.9950353908280645","0.2550607287449393"
"2","equinix-nyc.dirA.20190117-131300.UTC.anon.csv","222373","189","189","221389","796","0","1.0","0.9964173999144856","0.0035826000855143235","0.0","0.1918781725888325","0.9964204448361769","0.32197614991482115"
"1","equinix-nyc.dirA.20190117-131300.UTC.anon.csv","222373","189","189","221721","464","0","1.0","0.9979116502014087","0.002088349798591264","0.0","0.2894333843797856","0.9979134251306357","0.4489311163895487"
"10","equinix-nyc.dirA.20190117-131400.UTC.anon.csv","220125","190","190","217825","2111","0","1.0","0.9904017532373054","0.009598246762694601","0.0","0.08257279443720121","0.9904100378873918","0.1525491770373344"
"9","equinix-nyc.dirA.20190117-131400.UTC.anon.csv","220125","190","190","217905","2031","0","1.0","0.9907654954168486","0.009234504583151462","0.0","0.0855470508779829","0.9907734661057758","0.15761094981335547"
"8","equinix-nyc.dirA.20190117-131400.UTC.anon.csv","220125","190","190","217985","1951","0","1.0","0.9911292375963917","0.008870762403608323","0.0","0.08874357776739841","0.9911368943241597","0.163020163020163"
"7","equinix-nyc.dirA.20190117-131400.UTC.anon.csv","220125","190","190","218170","1766","0","1.0","0.9919703913865852","0.00802960861341481","0.0","0.09713701431492842","0.9919773220791729","0.1770736253494874"
"6","equinix-nyc.dirA.20190117-131400.UTC.anon.csv","220125","190","190","218361","1575","0","1.0","0.9928388258402444","0.007161174159755565","0.0","0.10764872521246459","0.9928450069505647","0.19437340153452687"
"5","equinix-nyc.dirA.20190117-131400.UTC.anon.csv","220125","190","190","218525","1411","0","1.0","0.9935844973083079","0.006415502691692129","0.0","0.11867582760774516","0.9935900347982519","0.21217197096594084"
"4","equinix-nyc.dirA.20190117-131400.UTC.anon.csv","220125","190","190","218683","1253","0","1.0","0.9943028881129056","0.005697111887094428","0.0","0.13167013167013167","0.9943078055295603","0.23270055113288426"
"3","equinix-nyc.dirA.20190117-131400.UTC.anon.csv","220125","190","190","218902","1034","0","1.0","0.995298632329405","0.004701367670595083","0.0","0.15522875816993464","0.9953026902773866","0.26874115983026875"
"2","equinix-nyc.dirA.20190117-131400.UTC.anon.csv","220125","190","190","219183","753","0","1.0","0.9965762767350502","0.0034237232649498035","0.0","0.2014846235418876","0.9965792318944604","0.3353927625772286"
"1","equinix-nyc.dirA.20190117-131400.UTC.anon.csv","220125","190","190","219480","456","0","1.0","0.9979266695766041","0.002073330423395897","0.0","0.29411764705882354","0.9979284591552111","0.45454545454545453"
"10","equinix-nyc.dirA.20190117-131500.UTC.anon.csv","224373","180","180","222009","2185","0","1.0","0.99025397646681","0.009746023533190006","0.0","0.07610993657505286","0.9902617950386409","0.14145383104125736"
"9","equinix-nyc.dirA.20190117-131500.UTC.anon.csv","224373","180","180","222115","2079","0","1.0","0.9907267812697931","0.009273218730206874","0.0","0.0796812749003984","0.990734220542487","0.14760147601476015"
"8","equinix-nyc.dirA.20190117-131500.UTC.anon.csv","224373","180","180","222233","1961","0","1.0","0.9912531111448121","0.008746888855187918","0.0","0.08407286314806166","0.9912601281788442","0.15510555794915984"
"7","equinix-nyc.dirA.20190117-131500.UTC.anon.csv","224373","180","180","222367","1827","0","1.0","0.9918508077825455","0.008149192217454526","0.0","0.08968609865470852","0.991857345325216","0.1646090534979424"
"6","equinix-nyc.dirA.20190117-131500.UTC.anon.csv","224373","180","180","222516","1678","0","1.0","0.9925154107603237","0.0074845892396763515","0.0","0.0968783638320775","0.9925214151372262","0.17664376840039253"
"5","equinix-nyc.dirA.20190117-131500.UTC.anon.csv","224373","180","180","222732","1462","0","1.0","0.9934788620569686","0.006521137943031482","0.0","0.10962241169305725","0.9934840935224224","0.19758507135016468"
"4","equinix-nyc.dirA.20190117-131500.UTC.anon.csv","224373","180","180","222942","1252","0","1.0","0.9944155508175955","0.005584449182404525","0.0","0.12569832402234637","0.9944200308413631","0.22332506203473945"
"3","equinix-nyc.dirA.20190117-131500.UTC.anon.csv","224373","180","180","223129","1065","0","1.0","0.9952496498568204","0.004750350143179568","0.0","0.14457831325301204","0.9952534607396579","0.25263157894736843"
"2","equinix-nyc.dirA.20190117-131500.UTC.anon.csv","224373","180","180","223403","791","0","1.0","0.9964718056683052","0.0035281943316948713","0.0","0.18537590113285274","0.9964746360986567","0.31277150304083406"
"1","equinix-nyc.dirA.20190117-131500.UTC.anon.csv","224373","180","180","223731","463","0","1.0","0.9979348243039511","0.0020651756960489574","0.0","0.27993779160186627","0.9979364810539546","0.4374240583232078"
"10","equinix-nyc.dirA.20190117-131600.UTC.anon.csv","224091","185","185","221767","2140","0","1.0","0.9904424604858267","0.009557539514173295","0.0","0.07956989247311828","0.9904503507487996","0.14741035856573706"
"9","equinix-nyc.dirA.20190117-131600.UTC.anon.csv","224091","185","185","221860","2047","0","1.0","0.9908578115020968","0.009142188497903147","0.0","0.08288530465949821","0.9908653588704639","0.15308233347124536"
"8","equinix-nyc.dirA.20190117-131600.UTC.anon.csv","224091","185","185","221971","1936","0","1.0","0.991353553037645","0.008646446962354906","0.0","0.08722300801508723","0.9913606911447084","0.16045099739809193"
"7","equinix-nyc.dirA.20190117-131600.UTC.anon.csv","224091","185","185","222116","1791","0","1.0","0.9920011433318298","0.007998856668170268","0.0","0.09362348178137651","0.9920077468182711","0.1712170291531698"
"6","equinix-nyc.dirA.20190117-131600.UTC.anon.csv","224091","185","185","222296","1611","0","1.0","0.9928050485246107","0.007194951475389336","0.0","0.10300668151447662","0.992810988344073","0.1867743563856638"
"5","equinix-nyc.dirA.20190117-131600.UTC.anon.csv","224091","185","185","222396","1511","0","1.0","0.9932516625206","0.0067483374793999296","0.0","0.10908018867924528","0.9932572336361851","0.19670388091440721"
"4","equinix-nyc.dirA.20190117-131600.UTC.anon.csv","224091","185","185","222605","1302","0","1.0","0.994185085772218","0.00581491422778207","0.0","0.12441156691324814","0.9941898862966996","0.22129186602870812"
"3","equinix-nyc.dirA.20190117-131600.UTC.anon.csv","224091","185","185","222864","1043","0","1.0","0.9953418160218305","0.004658183978169508","0.0","0.15065146579804561","0.9953456616032701","0.2618542108987969"
"2","equinix-nyc.dirA.20190117-131600.UTC.anon.csv","224091","185","185","223099","808","0","1.0","0.9963913589124056","0.003608641087594403","0.0","0.1863041289023162","0.9963943380397337","0.3140916808149406"
"1","equinix-nyc.dirA.20190117-131600.UTC.anon.csv","224091","185","185","223446","461","0","1.0","0.9979411094784888","0.002058890521511163","0.0","0.28637770897832815","0.9979428092033629","0.44524669073405526"
"10","equinix-nyc.dirA.20190117-131700.UTC.anon.csv","221106","198","198","218872","2037","0","1.0","0.9907790085510323","0.009220991448967675","0.0","0.08859060402684564","0.9907872658938884","0.16276202219482122"
"9","equinix-nyc.dirA.20190117-131700.UTC.anon.csv","221106","198","198","218933","1976","0","1.0","0.9910551403519096","0.00894485964809039","0.0","0.09107635694572216","0.9910631504203847","0.1669477234401349"
"8","equinix-nyc.dirA.20190117-131700.UTC.anon.csv","221106","198","198","219078","1831","0","1.0","0.9917115192228474","0.008288480777152583","0.0","0.09758501724987678","0.9917189415079577","0.1778176919622811"
"7","equinix-nyc.dirA.20190117-131700.UTC.anon.csv","221106","198","198","219229","1680","0","1.0","0.9923950585987895","0.007604941401210453","0.0","0.10543130990415335","0.9924018687784647","0.19075144508670522"
"6","equinix-nyc.dirA.20190117-131700.UTC.anon.csv","221106","198","198","219427","1482","0","1.0","0.9932913552639322","0.006708644736067792","0.0","0.11785714285714285","0.9932973628152886","0.21086261980830673"
"5","equinix-nyc.dirA.20190117-131700.UTC.anon.csv","221106","198","198","219557","1352","0","1.0","0.9938798328723593","0.006120167127640793","0.0","0.12774193548387097","0.9938853134455263","0.22654462242562934"
"4","equinix-nyc.dirA.20190117-131700.UTC.anon.csv","221106","198","198","219712","1197","0","1.0","0.9945814792516375","0.005418520748362448","0.0","0.14193548387096774","0.9945863315046561","0.24858757062146894"
"3","equinix-nyc.dirA.20190117-131700.UTC.anon.csv","221106","198","198","219953","956","0","1.0","0.9956724262026445","0.004327573797355472","0.0","0.17157712305025996","0.995676301519174","0.29289940828402367"
"2","equinix-nyc.dirA.20190117-131700.UTC.anon.csv","221106","198","198","220177","732","0","1.0","0.9966864183894726","0.003313581610527412","0.0","0.2129032258064516","0.9966893856820453","0.35106382978723405"
"1","equinix-nyc.dirA.20190117-131700.UTC.anon.csv","221106","198","198","220454","455","0","1.0","0.9979403283705055","0.0020596716294944977","0.0","0.30321592649310875","0.9979421727941675","0.46533490011750883"
"10","equinix-nyc.dirA.20190117-131800.UTC.anon.csv","223195","185","185","220832","2179","0","1.0","0.9902291815201941","0.009770818479805928","0.0","0.07825719120135363","0.9902372802379971","0.14515496273048253"
"9","equinix-nyc.dirA.20190117-131800.UTC.anon.csv","223195","185","185","220931","2080","0","1.0","0.9906731058109242","0.009326894189075875","0.0","0.08167770419426049","0.9906808365741322","0.1510204081632653"
"8","equinix-nyc.dirA.20190117-131800.UTC.anon.csv","223195","185","185","221134","1877","0","1.0","0.9915833748111079","0.008416625188892028","0.0","0.08971871968962172","0.9915903510815606","0.16466399643969737"
"7","equinix-nyc.dirA.20190117-131800.UTC.anon.csv","223195","185","185","221226","1785","0","1.0","0.9919959105156247","0.00800408948437521","0.0","0.09390862944162437","0.9920025448484739","0.17169373549883993"
"6","equinix-nyc.dirA.20190117-131800.UTC.anon.csv","223195","185","185","221396","1615","0","1.0","0.992758204752232","0.007241795247768047","0.0","0.10277777777777777","0.9927642072438574","0.18639798488664988"
"5","equinix-nyc.dirA.20190117-131800.UTC.anon.csv","223195","185","185","221523","1488","0","1.0","0.993327683387815","0.006672316612185049","0.0","0.11057979677226538","0.9933332138568791","0.19913885898815928"
"4","equinix-nyc.dirA.20190117-131800.UTC.anon.csv","223195","185","185","221808","1203","0","1.0","0.9946056472550682","0.005394352744931864","0.0","0.13328530259365995","0.9946101184609043","0.23521932612841703"
"3","equinix-nyc.dirA.20190117-131800.UTC.anon.csv","223195","185","185","221995","1016","0","1.0","0.995444170915336","0.004555829084663985","0.0","0.1540383014154871","0.9954479470958261","0.26695526695526695"
"2","equinix-nyc.dirA.20190117-131800.UTC.anon.csv","223195","185","185","222246","765","0","1.0","0.9965696759352678","0.003430324064732233","0.0","0.19473684210526315","0.9965725192207746","0.32599118942731276"
"1","equinix-nyc.dirA.20190117-131800.UTC.anon.csv","223195","185","185","222588","423","0","1.0","0.9981032325759716","0.001896767424028411","0.0","0.3042763157894737","0.9981048047456048","0.4665825977301387"
"10","equinix-nyc.dirA.20190117-131900.UTC.anon.csv","221875","184","184","219548","2144","0","1.0","0.9903289248146077","0.009671075185392347","0.0","0.07903780068728522","0.990336944960248","0.1464968152866242"
"9","equinix-nyc.dirA.20190117-131900.UTC.anon.csv","221875","184","184","219600","2092","0","1.0","0.9905634844739548","0.009436515526045144","0.0","0.08084358523725835","0.9905713101011375","0.14959349593495935"
"8","equinix-nyc.dirA.20190117-131900.UTC.anon.csv","221875","184","184","219760","1932","0","1.0","0.9912852065027155","0.008714793497284521","0.0","0.08695652173913043","0.9912924336115668","0.16"
"7","equinix-nyc.dirA.20190117-131900.UTC.anon.csv","221875","184","184","219831","1861","0","1.0","0.991605470652978","0.008394529347021994","0.0","0.08997555012224939","0.9916124321693198","0.1650964558097802"
"6","equinix-nyc.dirA.20190117-131900.UTC.anon.csv","221875","184","184","220048","1644","0","1.0","0.9925843061544846","0.0074156938455154","0.0","0.10065645514223195","0.9925904559303395","0.18290258449304175"
"5","equinix-nyc.dirA.20190117-131900.UTC.anon.csv","221875","184","184","220283","1409","0","1.0","0.9936443353842268","0.006355664615773235","0.0","0.1155053358443189","0.9936496060862824","0.20709060213843558"
"4","equinix-nyc.dirA.20190117-131900.UTC.anon.csv","221875","184","184","220419","1273","0","1.0","0.9942577991086733","0.005742200891326705","0.0","0.1262868908716541","0.9942625610701473","0.2242535039609994"
"3","equinix-nyc.dirA.20190117-131900.UTC.anon.csv","221875","184","184","220612","1080","0","1.0","0.9951283763058658","0.004871623694134204","0.0","0.14556962025316456","0.9951324163046026","0.2541436464088398"
"2","equinix-nyc.dirA.20190117-131900.UTC.anon.csv","221875","184","184","220873","819","0","1.0","0.9963056853652815","0.003694314634718438","0.0","0.18344965104685942","0.9963087490309903","0.3100252737994945"
"1","equinix-nyc.dirA.20190117-131900.UTC.anon.csv","221875","184","184","221177","515","0","1.0","0.9976769572199268","0.0023230427800732547","0.0","0.2632331902718169","0.9976788837008058","0.4167610419026048"
"10","equinix-nyc.dirA.20190117-132000.UTC.anon.csv","225810","191","191","223497","2123","0","1.0","0.9905903731938658","0.009409626806134209","0.0","0.08254105445116681","0.9905983322335936","0.15249500998003993"
"9","equinix-nyc.dirA.20190117-132000.UTC.anon.csv","225810","191","191","223594","2026","0","1.0","0.9910202996188281","0.008979700381171882","0.0","0.08615245827695084","0.9910278950095434","0.15863787375415284"
"8","equinix-nyc.dirA.20190117-132000.UTC.anon.csv","225810","191","191","223761","1859","0","1.0","0.991760482226753","0.008239517773247053","0.0","0.09317073170731707","0.9917674515413333","0.17045961624274877"
"7","equinix-nyc.dirA.20190117-132000.UTC.anon.csv","225810","191","191","223807","1813","0","1.0","0.9919643648612712","0.008035635138728837","0.0","0.09530938123752496","0.9919711617237424","0.17403189066059227"
"6","equinix-nyc.dirA.20190117-132000.UTC.anon.csv","225810","191","191","224009","1611","0","1.0","0.9928596755606772","0.007140324439322755","0.0","0.10599334073251943","0.9928657151334523","0.1916708479678876"
"5","equinix-nyc.dirA.20190117-132000.UTC.anon.csv","225810","191","191","224138","1482","0","1.0","0.9934314333835653","0.006568566616434713","0.0","0.114166168559474","0.9934369893406433","0.20493562231759654"
"4","equinix-nyc.dirA.20190117-132000.UTC.anon.csv","225810","191","191","224327","1293","0","1.0","0.994269125077564","0.005730874922435954","0.0","0.12870619946091644","0.9942739724814115","0.22805970149253732"
"3","equinix-nyc.dirA.20190117-132000.UTC.anon.csv","225810","191","191","224568","1052","0","1.0","0.995337292793192","0.004662707206807907","0.0","0.15366049879324215","0.9953412366979465","0.26638772663877264"
"2","equinix-nyc.dirA.20190117-132000.UTC.anon.csv","225810","191","191","224795","825","0","1.0","0.9963434092722276","0.0036565907277723605","0.0","0.18799212598425197","0.9963465021633136","0.31648715824357915"
"1","equinix-nyc.dirA.20190117-132000.UTC.anon.csv","225810","191","191","225149","471","0","1.0","0.9979124191117809","0.0020875808882191297","0.0","0.28851963746223563","0.997914184871419","0.447831184056272"
"10","equinix-nyc.dirA.20190117-132100.UTC.anon.csv","223601","195","195","221242","2165","0","1.0","0.990309166677857","0.009690833322142994","0.0","0.0826271186440678","0.9903176179103944","0.15264187866927592"
"9","equinix-nyc.dirA.20190117-132100.UTC.anon.csv","223601","195","195","221383","2024","0","1.0","0.9909403017810543","0.009059698218945691","0.0","0.0878774222622803","0.9909482026099945","0.16155758077879037"
"8","equinix-nyc.dirA.20190117-132100.UTC.anon.csv","223601","195","195","221520","1887","0","1.0","0.9915535323423169","0.008446467657683063","0.0","0.0936599423631124","0.9915608983819465","0.1712779973649539"
"7","equinix-nyc.dirA.20190117-132100.UTC.anon.csv","223601","195","195","221660","1747","0","1.0","0.9921801913100305","0.007819808689969428","0.0","0.1004119464469619","0.9921870108496346","0.18249883013570425"
"6","equinix-nyc.dirA.20190117-132100.UTC.anon.csv","223601","195","195","221804","1603","0","1.0","0.9928247548196789","0.007175245180321118","0.0","0.10845383759733036","0.992831012244971","0.19568489713998993"
"5","equinix-nyc.dirA.20190117-132100.UTC.anon.csv","223601","195","195","221929","1478","0","1.0","0.9933842717551374","0.006615728244862515","0.0","0.11655708308427974","0.9933900412339782","0.20877944325481798"
"4","equinix-nyc.dirA.20190117-132100.UTC.anon.csv","223601","195","195","222137","1270","0","1.0","0.9943153079357406","0.005684692064259401","0.0","0.13310580204778158","0.9943202654716863","0.23493975903614464"
"3","equinix-nyc.dirA.20190117-132100.UTC.anon.csv","223601","195","195","222392","1015","0","1.0","0.9954567224840761","0.004543277515923852","0.0","0.16115702479338842","0.9954606846092611","0.2775800711743772"
"2","equinix-nyc.dirA.20190117-132100.UTC.anon.csv","223601","195","195","222586","821","0","1.0","0.9963250927679079","0.003674907232092101","0.0","0.1919291338582677","0.9963282976002004","0.3220478943022296"
"1","equinix-nyc.dirA.20190117-132100.UTC.anon.csv","223601","195","195","222942","465","0","1.0","0.997918597000094","0.0020814029999060013","0.0","0.29545454545454547","0.997920412160893","0.45614035087719296"
"10","equinix-nyc.dirA.20190117-132200.UTC.anon.csv","222369","187","187","220183","2000","0","1.0","0.9909984112195802","0.009001588780419744","0.0","0.08550525834476452","0.9910059810226199","0.15754001684919966"
"9","equinix-nyc.dirA.20190117-132200.UTC.anon.csv","222369","187","187","220291","1892","0","1.0","0.9914844970137229","0.008515502986277079","0.0","0.08994708994708994","0.9914916580473985","0.16504854368932037"
"8","equinix-nyc.dirA.20190117-132200.UTC.anon.csv","222369","187","187","220417","1766","0","1.0","0.9920515971068894","0.007948402893110634","0.0","0.09575012800819252","0.9920582812429735","0.1747663551401869"
"7","equinix-nyc.dirA.20190117-132200.UTC.anon.csv","222369","187","187","220482","1701","0","1.0","0.992344148742253","0.007655851257746992","0.0","0.09904661016949153","0.9923505868597383","0.18024096385542168"
"6","equinix-nyc.dirA.20190117-132200.UTC.anon.csv","222369","187","187","220665","1518","0","1.0","0.9931677941156614","0.006832205884338586","0.0","0.10967741935483871","0.9931735395961685","0.19767441860465118"
"5","equinix-nyc.dirA.20190117-132200.UTC.anon.csv","222369","187","187","220858","1325","0","1.0","0.9940364474329719","0.00596355256702808","0.0","0.12367724867724868","0.9940414624274857","0.22012948793407885"
"4","equinix-nyc.dirA.20190117-132200.UTC.anon.csv","222369","187","187","220966","1217","0","1.0","0.9945225332271146","0.005477466772885414","0.0","0.13319088319088318","0.9945271394522642","0.2350722815839095"
"3","equinix-nyc.dirA.20190117-132200.UTC.anon.csv","222369","187","187","221181","1002","0","1.0","0.9954902040210097","0.004509795978990292","0.0","0.15727502102607233","0.9954939964923326","0.27180232558139533"
"2","equinix-nyc.dirA.20190117-132200.UTC.anon.csv","222369","187","187","221476","707","0","1.0","0.9968179383661216","0.0031820616338783794","0.0","0.20917225950782997","0.9968206142914962","0.34597594819611466"
"1","equinix-nyc.dirA.20190117-132200.UTC.anon.csv","222369","187","187","221789","394","0","1.0","0.9982266870102573","0.0017733129897426895","0.0","0.3218588640275387","0.9982281782614562","0.48697916666666663"
"10","equinix-nyc.dirA.20190117-132300.UTC.anon.csv","222045","179","179","219739","2128","0","1.0","0.9904086682562075","0.009591331743792453","0.0","0.0775899436497616","0.9904164002053628","0.14400643604183427"
"9","equinix-nyc.dirA.20190117-132300.UTC.anon.csv","222045","179","179","219880","1987","0","1.0","0.9910441841283292","0.008955815871670866","0.0","0.08264081255771007","0.9910514037631842","0.15266524520255864"
"8","equinix-nyc.dirA.20190117-132300.UTC.anon.csv","222045","179","179","219975","1892","0","1.0","0.991472368581177","0.00852763141882299","0.0","0.08643167551907291","0.9914792430397305","0.15911111111111112"
"7","equinix-nyc.dirA.20190117-132300.UTC.anon.csv","222045","179","179","220145","1722","0","1.0","0.9922385933915364","0.0077614066084636295","0.0","0.09416096791162545","0.9922448501661818","0.17211538461538461"
"6","equinix-nyc.dirA.20190117-132300.UTC.anon.csv","222045","179","179","220250","1617","0","1.0","0.9927118498920524","0.007288150107947554","0.0","0.09966592427616927","0.9927177251560487","0.18126582278481015"
"5","equinix-nyc.dirA.20190117-132300.UTC.anon.csv","222045","179","179","220440","1427","0","1.0","0.9935682187977481","0.0064317812022518","0.0","0.11145703611457036","0.9935734037091414","0.20056022408963586"
"4","equinix-nyc.dirA.20190117-132300.UTC.anon.csv","222045","179","179","220568","1299","0","1.0","0.9941451410079011","0.00585485899209887","0.0","0.12110960757780785","0.9941498608396458","0.216053108026554"
"3","equinix-nyc.dirA.20190117-132300.UTC.anon.csv","222045","179","179","220839","1028","0","1.0","0.9953665934997092","0.004633406500290715","0.0","0.14830157415078707","0.9953703286706358","0.2582972582972583"
"2","equinix-nyc.dirA.20190117-132300.UTC.anon.csv","222045","179","179","221049","818","0","1.0","0.9963131065007415","0.0036868934992585647","0.0","0.17953861584754263","0.9963160786503698","0.304421768707483"
"1","equinix-nyc.dirA.20190117-132300.UTC.anon.csv","222045","179","179","221393","474","0","1.0","0.9978635849405274","0.002136415059472567","0.0","0.27411944869831545","0.9978653071886006","0.4302884615384615"
"10","equinix-nyc.dirA.20190117-132400.UTC.anon.csv","221204","169","169","218933","2103","0","1.0","0.9904857127345772","0.009514287265422828","0.0","0.0743838028169014","0.9904929816233811","0.1384678410487505"
"9","equinix-nyc.dirA.20190117-132400.UTC.anon.csv","221204","169","169","219155","1881","0","1.0","0.9914900740150926","0.008509925984907437","0.0","0.0824390243902439","0.9914965755746932","0.1523208652546192"
"8","equinix-nyc.dirA.20190117-132400.UTC.anon.csv","221204","169","169","219302","1734","0","1.0","0.9921551240521906","0.007844875947809407","0.0","0.08880714661061481","0.9921611175154269","0.16312741312741313"
"7","equinix-nyc.dirA.20190117-132400.UTC.anon.csv","221204","169","169","219414","1622","0","1.0","0.9926618288423605","0.00733817115763948","0.0","0.0943606923506421","0.9926674351845574","0.17244897959183672"
"6","equinix-nyc.dirA.20190117-132400.UTC.anon.csv","221204","169","169","219486","1550","0","1.0","0.9929875676360412","0.007012432363958812","0.0","0.0983129726585224","0.9929929251147126","0.17902542372881355"
"5","equinix-nyc.dirA.20190117-132400.UTC.anon.csv","221204","169","169","219619","1417","0","1.0","0.9935892795743679","0.0064107204256320235","0.0","0.10655737704918032","0.993594177346805","0.1925925925925926"
"4","equinix-nyc.dirA.20190117-132400.UTC.anon.csv","221204","169","169","219849","1187","0","1.0","0.9946298340541813","0.005370165945818781","0.0","0.12463126843657817","0.9946339368459122","0.22163934426229506"
"3","equinix-nyc.dirA.20190117-132400.UTC.anon.csv","221204","169","169","220060","976","0","1.0","0.9955844296856621","0.004415570314337936","0.0","0.14759825327510917","0.9955878031690061","0.2572298325722983"
"2","equinix-nyc.dirA.20190117-132400.UTC.anon.csv","221204","169","169","220299","737","0","1.0","0.9966657015146854","0.0033342984853146095","0.0","0.18653421633554085","0.9966682489093827","0.31441860465116284"
"1","equinix-nyc.dirA.20190117-132400.UTC.anon.csv","221204","169","169","220661","375","0","1.0","0.9983034437829131","0.0016965562170868094","0.0","0.31066176470588236","0.9983047399471079","0.47405329593267875"
"10","equinix-nyc.dirA.20190117-132500.UTC.anon.csv","216664","172","172","214361","2132","0","1.0","0.9901521065346224","0.009847893465377634","0.0","0.07465277777777778","0.9901599243071101","0.13893376413570274"
"9","equinix-nyc.dirA.20190117-132500.UTC.anon.csv","216664","172","172","214593","1900","0","1.0","0.991223734716596","0.008776265283404082","0.0","0.08301158301158301","0.991230701774629","0.1532976827094474"
"8","equinix-nyc.dirA.20190117-132500.UTC.anon.csv","216664","172","172","214607","1886","0","1.0","0.9912884019344737","0.008711598065526368","0.0","0.08357628765792031","0.9912953176562896","0.15426008968609867"
"7","equinix-nyc.dirA.20190117-132500.UTC.anon.csv","216664","172","172","214759","1734","0","1.0","0.991990503157146","0.008009496842854041","0.0","0.09024134312696747","0.9919968615143193","0.16554379210779593"
"6","equinix-nyc.dirA.20190117-132500.UTC.anon.csv","216664","172","172","214907","1586","0","1.0","0.9926741280318532","0.007325871968146776","0.0","0.09783845278725825","0.9926799436918745","0.17823834196891192"
"5","equinix-nyc.dirA.20190117-132500.UTC.anon.csv","216664","172","172","215050","1443","0","1.0","0.9933346574716042","0.006665342528395837","0.0","0.1065015479876161","0.9933399487688367","0.19250139899272523"
"4","equinix-nyc.dirA.20190117-132500.UTC.anon.csv","216664","172","172","215186","1307","0","1.0","0.9939628533024163","0.006037146697583756","0.0","0.1162947937795808","0.9939676459049684","0.20835857056329496"
"3","equinix-nyc.dirA.20190117-132500.UTC.anon.csv","216664","172","172","215466","1027","0","1.0","0.9952561976599705","0.00474380234002947","0.0","0.14345287739783152","0.995259963538181","0.2509117432530999"
"2","equinix-nyc.dirA.20190117-132500.UTC.anon.csv","216664","172","172","215692","801","0","1.0","0.9963001113199965","0.0036998886800035107","0.0","0.17677286742034942","0.9963030484849883","0.3004366812227074"
"1","equinix-nyc.dirA.20190117-132500.UTC.anon.csv","216664","172","172","216001","492","0","1.0","0.9977274092002975","0.002272590799702531","0.0","0.25903614457831325","0.9977292133016408","0.4114832535885168"
"10","equinix-nyc.dirA.20190117-132600.UTC.anon.csv","225795","185","185","223454","2157","0","1.0","0.9904392959563142","0.009560704043685813","0.0","0.07899231426131512","0.9904471292671261","0.14641867827463395"
"9","equinix-nyc.dirA.20190117-132600.UTC.anon.csv","225795","185","185","223568","2043","0","1.0","0.9909445904676634","0.009055409532336632","0.0","0.08303411131059246","0.9909520097787383","0.1533360961458765"
"8","equinix-nyc.dirA.20190117-132600.UTC.anon.csv","225795","185","185","223684","1927","0","1.0","0.9914587497950011","0.00854125020499887","0.0","0.08759469696969698","0.9914657478431859","0.1610796691336526"
"7","equinix-nyc.dirA.20190117-132600.UTC.anon.csv","225795","185","185","223892","1719","0","1.0","0.9923806906578136","0.00761930934218633","0.0","0.09716386554621849","0.9923869333380574","0.17711823839157492"
"6","equinix-nyc.dirA.20190117-132600.UTC.anon.csv","225795","185","185","224012","1599","0","1.0","0.9929125796171286","0.007087420382871403","0.0","0.10369955156950672","0.9929183865081755","0.18791264601320465"
"5","equinix-nyc.dirA.20190117-132600.UTC.anon.csv","225795","185","185","224180","1431","0","1.0","0.9936572241601695","0.006342775839830505","0.0","0.11448019801980198","0.9936624209463409","0.2054414214325375"
"4","equinix-nyc.dirA.20190117-132600.UTC.anon.csv","225795","185","185","224310","1301","0","1.0","0.9942334371994274","0.0057665628005726674","0.0","0.12449528936742935","0.9942381618806356","0.22142429682824658"
"3","equinix-nyc.dirA.20190117-132600.UTC.anon.csv","225795","185","185","224576","1035","0","1.0","0.9954124577259088","0.004587542274091245","0.0","0.15163934426229508","0.9954162164077309","0.26334519572953735"
"2","equinix-nyc.dirA.20190117-132600.UTC.anon.csv","225795","185","185","224806","805","0","1.0","0.9964319115645957","0.003568088435404302","0.0","0.18686868686868688","0.9964348349837907","0.3148936170212766"
"1","equinix-nyc.dirA.20190117-132600.UTC.anon.csv","225795","185","185","225189","422","0","1.0","0.9981295238264092","0.0018704761735908266","0.0","0.30477759472817134","0.9981310563517511","0.4671717171717172"
"10","equinix-nyc.dirA.20190117-132700.UTC.anon.csv","223405","191","191","221010","2205","0","1.0","0.9901216316107788","0.009878368389221154","0.0","0.07971619365609349","0.990130077079398","0.14766138384228836"
"9","equinix-nyc.dirA.20190117-132700.UTC.anon.csv","223405","191","191","221154","2061","0","1.0","0.9907667495464014","0.009233250453598548","0.0","0.08481349911190053","0.9907746434742128","0.1563651248465002"
"8","equinix-nyc.dirA.20190117-132700.UTC.anon.csv","223405","191","191","221305","1910","0","1.0","0.9914432273816723","0.00855677261832762","0.0","0.09090909090909091","0.9914505429576645","0.16666666666666666"
"7","equinix-nyc.dirA.20190117-132700.UTC.anon.csv","223405","191","191","221377","1838","0","1.0","0.9917657863494836","0.008234213650516319","0.0","0.0941350418925579","0.9917728261550719","0.17207207207207206"
"6","equinix-nyc.dirA.20190117-132700.UTC.anon.csv","223405","191","191","221547","1668","0","1.0","0.9925273839123715","0.0074726160876285195","0.0","0.10274341043571812","0.992533772593395","0.18634146341463412"
"5","equinix-nyc.dirA.20190117-132700.UTC.anon.csv","223405","191","191","221731","1484","0","1.0","0.993351701274556","0.0066482987254440785","0.0","0.11402985074626866","0.9933573852089917","0.2047159699892819"
"4","equinix-nyc.dirA.20190117-132700.UTC.anon.csv","223405","191","191","221878","1337","0","1.0","0.9940102591671707","0.005989740832829335","0.0","0.125","0.9940153800703652","0.2222222222222222"
"3","equinix-nyc.dirA.20190117-132700.UTC.anon.csv","223405","191","191","222165","1050","0","1.0","0.9952960150527518","0.004703984947248168","0.0","0.15390813859790492","0.9953000367044753","0.2667597765363129"
"2","equinix-nyc.dirA.20190117-132700.UTC.anon.csv","223405","191","191","222377","838","0","1.0","0.9962457720135296","0.0037542279864704433","0.0","0.18561710398445092","0.9962489816746193","0.31311475409836065"
"1","equinix-nyc.dirA.20190117-132700.UTC.anon.csv","223405","191","191","222699","516","0","1.0","0.9976883273973524","0.0023116726026476716","0.0","0.27015558698727016","0.9976903037519136","0.42538975501113585"
"10","equinix-nyc.dirA.20190117-132800.UTC.anon.csv","224557","182","182","222133","2243","0","1.0","0.9900033871715335","0.009996612828466502","0.0","0.07505154639175257","0.9900114892366337","0.1396240889911776"
"9","equinix-nyc.dirA.20190117-132800.UTC.anon.csv","224557","182","182","222260","2116","0","1.0","0.9905694013619994","0.0094305986380005","0.0","0.07919930374238468","0.9905770446833335","0.1467741935483871"
"8","equinix-nyc.dirA.20190117-132800.UTC.anon.csv","224557","182","182","222384","1992","0","1.0","0.9911220451385175","0.00887795486148251","0.0","0.08371665133394664","0.9911292405525521","0.15449915110356535"
"7","equinix-nyc.dirA.20190117-132800.UTC.anon.csv","224557","182","182","222593","1783","0","1.0","0.9920535173102293","0.007946482689770742","0.0","0.0926208651399491","0.9920599577837351","0.1695388914764788"
"6","equinix-nyc.dirA.20190117-132800.UTC.anon.csv","224557","182","182","222703","1673","0","1.0","0.9925437658216565","0.0074562341783434944","0.0","0.09811320754716982","0.992549808958042","0.17869415807560138"
"5","equinix-nyc.dirA.20190117-132800.UTC.anon.csv","224557","182","182","222836","1540","0","1.0","0.9931365208400186","0.00686347915998146","0.0","0.10569105691056911","0.9931420835597039","0.19117647058823528"
"4","equinix-nyc.dirA.20190117-132800.UTC.anon.csv","224557","182","182","223048","1328","0","1.0","0.9940813634256783","0.005918636574321674","0.0","0.1205298013245033","0.994086160368368","0.21513002364066192"
"3","equinix-nyc.dirA.20190117-132800.UTC.anon.csv","224557","182","182","223262","1114","0","1.0","0.9950351196206368","0.0049648803793632115","0.0","0.1404320987654321","0.9950391435620196","0.2462787550744249"
"2","equinix-nyc.dirA.20190117-132800.UTC.anon.csv","224557","182","182","223556","820","0","1.0","0.9963454201875424","0.0036545798124576604","0.0","0.18163672654690619","0.9963483821551671","0.30743243243243246"
"1","equinix-nyc.dirA.20190117-132800.UTC.anon.csv","224557","182","182","223879","497","0","1.0","0.9977849680892787","0.0022150319107212893","0.0","0.26804123711340205","0.9977867633306318","0.4227642276422764"
"10","equinix-nyc.dirA.20190117-132900.UTC.anon.csv","222710","191","191","220454","2066","0","1.0","0.9907154413086464","0.009284558691353586","0.0","0.08462560921577315","0.9907234038731809","0.15604575163398693"
"9","equinix-nyc.dirA.20190117-132900.UTC.anon.csv","222710","191","191","220417","2103","0","1.0","0.9905491641200791","0.009450835879920906","0.0","0.08326068003487358","0.990557269286205","0.15372233400402413"
"8","equinix-nyc.dirA.20190117-132900.UTC.anon.csv","222710","191","191","220626","1894","0","1.0","0.991488405536581","0.00851159446341902","0.0","0.09160671462829736","0.9914957051964205","0.1678383128295255"
"7","equinix-nyc.dirA.20190117-132900.UTC.anon.csv","222710","191","191","220797","1723","0","1.0","0.9922568757864462","0.0077431242135538375","0.0","0.09979101358411703","0.9922635163956877","0.18147268408551068"
"6","equinix-nyc.dirA.20190117-132900.UTC.anon.csv","222710","191","191","220954","1566","0","1.0","0.99296243034334","0.007037569656660076","0.0","0.1087080250426864","0.9929684658593424","0.19609856262833678"
"5","equinix-nyc.dirA.20190117-132900.UTC.anon.csv","222710","191","191","221117","1403","0","1.0","0.99369494876865","0.006305051231349991","0.0","0.11982434127979925","0.993700356066831","0.21400560224089638"
"4","equinix-nyc.dirA.20190117-132900.UTC.anon.csv","222710","191","191","221270","1250","0","1.0","0.9943825274132663","0.005617472586733777","0.0","0.1325468424705066","0.9943873450345964","0.2340686274509804"
"3","equinix-nyc.dirA.20190117-132900.UTC.anon.csv","222710","191","191","221423","1097","0","1.0","0.9950701060578825","0.004929893942117562","0.0","0.1482919254658385","0.9950743340023618","0.25828262339418523"
"2","equinix-nyc.dirA.20190117-132900.UTC.anon.csv","222710","191","191","221740","780","0","1.0","0.9964946971058781","0.003505302894121877","0.0","0.19670442842430483","0.9964977033015882","0.3287435456110155"
"1","equinix-nyc.dirA.20190117-132900.UTC.anon.csv","222710","191","191","222028","492","0","1.0","0.9977889627898616","0.0022110372101384144","0.0","0.2796486090775988","0.9977908590056171","0.43707093821510296"
"10","equinix-nyc.dirA.20190117-133000.UTC.anon.csv","213690","201","201","211374","2116","0","1.0","0.9900885287367089","0.00991147126329102","0.0","0.08675010789814415","0.9900978515707259","0.15965051628276408"
"9","equinix-nyc.dirA.20190117-133000.UTC.anon.csv","213690","201","201","211483","2007","0","1.0","0.9905990912923321","0.009400908707667806","0.0","0.09103260869565218","0.9906079338858446","0.16687422166874222"
"8","equinix-nyc.dirA.20190117-133000.UTC.anon.csv","213690","201","201","211666","1824","0","1.0","0.991456274298562","0.008543725701438007","0.0","0.09925925925925926","0.9914643106167317","0.18059299191374664"
"7","equinix-nyc.dirA.20190117-133000.UTC.anon.csv","213690","201","201","211868","1622","0","1.0","0.9924024544475151","0.007597545552484894","0.0","0.11025781678551838","0.9924096007786944","0.19861660079051385"
"6","equinix-nyc.dirA.20190117-133000.UTC.anon.csv","213690","201","201","211929","1561","0","1.0","0.9926881821162584","0.007311817883741628","0.0","0.11407491486946651","0.9926950596889902","0.20478858889454918"
"5","equinix-nyc.dirA.20190117-133000.UTC.anon.csv","213690","201","201","212073","1417","0","1.0","0.9933626867768982","0.006637313223101785","0.0","0.1242274412855377","0.9933689299034587","0.2210005497526113"
"4","equinix-nyc.dirA.20190117-133000.UTC.anon.csv","213690","201","201","212312","1178","0","1.0","0.9944821771511546","0.005517822848845379","0.0","0.1457577955039884","0.9944873672733059","0.2544303797468354"
"3","equinix-nyc.dirA.20190117-133000.UTC.anon.csv","213690","201","201","212470","1020","0","1.0","0.9952222586538011","0.004777741346198885","0.0","0.16461916461916462","0.9952267526475144","0.2827004219409283"
"2","equinix-nyc.dirA.20190117-133000.UTC.anon.csv","213690","201","201","212770","720","0","1.0","0.9966274766968007","0.0033725233031992132","0.0","0.2182410423452769","0.9966306489276572","0.358288770053476"
"1","equinix-nyc.dirA.20190117-133000.UTC.anon.csv","213690","201","201","213088","402","0","1.0","0.9981170078223804","0.0018829921776195606","0.0","0.3333333333333333","0.9981187789846087","0.5"
